metric,adaptive_mean,baseline_mean,improvement_percent
Resilience,0.4066666666666666,0.5933333333333333,-31.46067415730337
EWMA_PDR,0.7965999788840034,0.7903960408252202,0.7849151233482843
Redundancy_Ratio,0.6490421455938697,0.6578756488691138,1.3610061126556605
Active_Nodes,12.2,17.8,-31.46067415730338
